{
  "classification_report": {
    "healthy": {
      "precision": 0.9921259842519685,
      "recall": 1.0,
      "f1-score": 0.9960474308300395,
      "support": 126.0
    },
    "malignant": {
      "precision": 1.0,
      "recall": 0.9949494949494949,
      "f1-score": 0.9974683544303797,
      "support": 198.0
    },
    "accuracy": 0.9969135802469136,
    "macro avg": {
      "precision": 0.9960629921259843,
      "recall": 0.9974747474747474,
      "f1-score": 0.9967578926302096,
      "support": 324.0
    },
    "weighted avg": {
      "precision": 0.9969378827646544,
      "recall": 0.9969135802469136,
      "f1-score": 0.9969157730302475,
      "support": 324.0
    }
  },
  "confusion_matrix": [
    [
      126,
      0
    ],
    [
      1,
      197
    ]
  ]
}