{
  "loss": 0.015599618665851548,
  "accuracy": 0.9969135802469136,
  "precision": 1.0,
  "recall": 0.9949494949494949,
  "f1": 0.9974683544303797
}